{
  "best": {
    "loss": 24.45018243789673,
    "_base/lr": 0.001,
    "_base/momentum": 0.9,
    "_timers/data_time": 0.9767463803291322,
    "_timers/model_time": 0.44804063439369207,
    "_timers/batch_time": 1.4248182773590088,
    "_timers/_fps": 156.23464170083182
  },
  "last": {
    "loss": 25.413401126861572,
    "_base/lr": 0.001,
    "_base/momentum": 0.9,
    "_timers/data_time": 1.019859403371811,
    "_timers/model_time": 0.46585986018180847,
    "_timers/batch_time": 1.4857514500617983,
    "_timers/_fps": 146.2683164995857
  },
  "train.1": {
    "loss": 24.45018243789673,
    "_base/lr": 0.001,
    "_base/momentum": 0.9,
    "_timers/data_time": 0.9767463803291322,
    "_timers/model_time": 0.44804063439369207,
    "_timers/batch_time": 1.4248182773590088,
    "_timers/_fps": 156.23464170083182
  },
  "train.2": {
    "loss": 24.498181581497192,
    "_base/lr": 0.001,
    "_base/momentum": 0.9,
    "_timers/data_time": 0.7390446662902831,
    "_timers/model_time": 0.4764610826969147,
    "_timers/batch_time": 1.2155359387397766,
    "_timers/_fps": 184.14809813774218
  },
  "train.3": {
    "loss": 25.268371343612667,
    "_base/lr": 0.001,
    "_base/momentum": 0.9,
    "_timers/data_time": 1.0319005846977234,
    "_timers/model_time": 0.49771091341972346,
    "_timers/batch_time": 1.5296434164047241,
    "_timers/_fps": 149.9751257294132
  },
  "train.7": {
    "loss": 25.373056173324585,
    "_base/lr": 0.001,
    "_base/momentum": 0.9,
    "_timers/data_time": 1.0510209202766416,
    "_timers/model_time": 0.4839085638523102,
    "_timers/batch_time": 1.5349599421024323,
    "_timers/_fps": 156.33219704720818
  },
  "train.10": {
    "loss": 25.413401126861572,
    "_base/lr": 0.001,
    "_base/momentum": 0.9,
    "_timers/data_time": 1.019859403371811,
    "_timers/model_time": 0.46585986018180847,
    "_timers/batch_time": 1.4857514500617983,
    "_timers/_fps": 146.2683164995857
  },
  "train.5": {
    "loss": 25.42638421058655,
    "_base/lr": 0.001,
    "_base/momentum": 0.9,
    "_timers/data_time": 1.0363540649414062,
    "_timers/model_time": 0.5378740429878236,
    "_timers/batch_time": 1.5742639303207397,
    "_timers/_fps": 137.6383569636587
  },
  "train.9": {
    "loss": 25.4453604221344,
    "_base/lr": 0.001,
    "_base/momentum": 0.9,
    "_timers/data_time": 0.9863898754119873,
    "_timers/model_time": 0.47370824217796326,
    "_timers/batch_time": 1.4601287841796875,
    "_timers/_fps": 154.58379011299127
  },
  "train.4": {
    "loss": 25.46836805343628,
    "_base/lr": 0.001,
    "_base/momentum": 0.9,
    "_timers/data_time": 1.0491330325603483,
    "_timers/model_time": 0.5252262353897095,
    "_timers/batch_time": 1.5743935108184814,
    "_timers/_fps": 140.85695292196374
  },
  "train.6": {
    "loss": 25.475340604782104,
    "_base/lr": 0.001,
    "_base/momentum": 0.9,
    "_timers/data_time": 1.033839762210846,
    "_timers/model_time": 0.46525442600250244,
    "_timers/batch_time": 1.4991247951984406,
    "_timers/_fps": 148.148290769942
  },
  "train.8": {
    "loss": 25.53000283241272,
    "_base/lr": 0.001,
    "_base/momentum": 0.9,
    "_timers/data_time": 0.9321708679199219,
    "_timers/model_time": 0.563932478427887,
    "_timers/batch_time": 1.496143102645874,
    "_timers/_fps": 144.16525703170458
  },
  "epoch_0": [
    "logs/ocr/checkpoints/train.1.pth",
    24.45018243789673,
    {
      "loss": 24.45018243789673,
      "_base/lr": 0.001,
      "_base/momentum": 0.9,
      "_timers/data_time": 0.9767463803291322,
      "_timers/model_time": 0.44804063439369207,
      "_timers/batch_time": 1.4248182773590088,
      "_timers/_fps": 156.23464170083182
    }
  ],
  "epoch_1": [
    "logs/ocr/checkpoints/train.2.pth",
    24.498181581497192,
    {
      "loss": 24.498181581497192,
      "_base/lr": 0.001,
      "_base/momentum": 0.9,
      "_timers/data_time": 0.7390446662902831,
      "_timers/model_time": 0.4764610826969147,
      "_timers/batch_time": 1.2155359387397766,
      "_timers/_fps": 184.14809813774218
    }
  ],
  "epoch_2": [
    "logs/ocr/checkpoints/train.3.pth",
    25.268371343612667,
    {
      "loss": 25.268371343612667,
      "_base/lr": 0.001,
      "_base/momentum": 0.9,
      "_timers/data_time": 1.0319005846977234,
      "_timers/model_time": 0.49771091341972346,
      "_timers/batch_time": 1.5296434164047241,
      "_timers/_fps": 149.9751257294132
    }
  ],
  "epoch_3": [
    "logs/ocr/checkpoints/train.4.pth",
    25.46836805343628,
    {
      "loss": 25.46836805343628,
      "_base/lr": 0.001,
      "_base/momentum": 0.9,
      "_timers/data_time": 1.0491330325603483,
      "_timers/model_time": 0.5252262353897095,
      "_timers/batch_time": 1.5743935108184814,
      "_timers/_fps": 140.85695292196374
    }
  ],
  "epoch_4": [
    "logs/ocr/checkpoints/train.5.pth",
    25.42638421058655,
    {
      "loss": 25.42638421058655,
      "_base/lr": 0.001,
      "_base/momentum": 0.9,
      "_timers/data_time": 1.0363540649414062,
      "_timers/model_time": 0.5378740429878236,
      "_timers/batch_time": 1.5742639303207397,
      "_timers/_fps": 137.6383569636587
    }
  ],
  "epoch_5": [
    "logs/ocr/checkpoints/train.6.pth",
    25.475340604782104,
    {
      "loss": 25.475340604782104,
      "_base/lr": 0.001,
      "_base/momentum": 0.9,
      "_timers/data_time": 1.033839762210846,
      "_timers/model_time": 0.46525442600250244,
      "_timers/batch_time": 1.4991247951984406,
      "_timers/_fps": 148.148290769942
    }
  ],
  "epoch_6": [
    "logs/ocr/checkpoints/train.7.pth",
    25.373056173324585,
    {
      "loss": 25.373056173324585,
      "_base/lr": 0.001,
      "_base/momentum": 0.9,
      "_timers/data_time": 1.0510209202766416,
      "_timers/model_time": 0.4839085638523102,
      "_timers/batch_time": 1.5349599421024323,
      "_timers/_fps": 156.33219704720818
    }
  ],
  "epoch_7": [
    "logs/ocr/checkpoints/train.8.pth",
    25.53000283241272,
    {
      "loss": 25.53000283241272,
      "_base/lr": 0.001,
      "_base/momentum": 0.9,
      "_timers/data_time": 0.9321708679199219,
      "_timers/model_time": 0.563932478427887,
      "_timers/batch_time": 1.496143102645874,
      "_timers/_fps": 144.16525703170458
    }
  ],
  "epoch_8": [
    "logs/ocr/checkpoints/train.9.pth",
    25.4453604221344,
    {
      "loss": 25.4453604221344,
      "_base/lr": 0.001,
      "_base/momentum": 0.9,
      "_timers/data_time": 0.9863898754119873,
      "_timers/model_time": 0.47370824217796326,
      "_timers/batch_time": 1.4601287841796875,
      "_timers/_fps": 154.58379011299127
    }
  ],
  "epoch_9": [
    "logs/ocr/checkpoints/train.10.pth",
    25.413401126861572,
    {
      "loss": 25.413401126861572,
      "_base/lr": 0.001,
      "_base/momentum": 0.9,
      "_timers/data_time": 1.019859403371811,
      "_timers/model_time": 0.46585986018180847,
      "_timers/batch_time": 1.4857514500617983,
      "_timers/_fps": 146.2683164995857
    }
  ]
}