{
  "best": {
    "loss": 20.507120847702026,
    "_base/lr": 0.0001,
    "_base/momentum": 0.9,
    "_timers/data_time": 0.7601523399353027,
    "_timers/model_time": 0.3378233313560486,
    "_timers/batch_time": 1.0980025529861448,
    "_timers/_fps": 203.0695134009943
  },
  "last": {
    "loss": 20.526673078536987,
    "_base/lr": 0.0001,
    "_base/momentum": 0.9,
    "_timers/data_time": 0.7323011457920074,
    "_timers/model_time": 0.3333307206630707,
    "_timers/batch_time": 1.065659910440445,
    "_timers/_fps": 209.82476258856542
  },
  "train.4": {
    "loss": 20.507120847702026,
    "_base/lr": 0.0001,
    "_base/momentum": 0.9,
    "_timers/data_time": 0.7601523399353027,
    "_timers/model_time": 0.3378233313560486,
    "_timers/batch_time": 1.0980025529861448,
    "_timers/_fps": 203.0695134009943
  },
  "train.5": {
    "loss": 20.526673078536987,
    "_base/lr": 0.0001,
    "_base/momentum": 0.9,
    "_timers/data_time": 0.7323011457920074,
    "_timers/model_time": 0.3333307206630707,
    "_timers/batch_time": 1.065659910440445,
    "_timers/_fps": 209.82476258856542
  },
  "train.3": {
    "loss": 20.578468322753903,
    "_base/lr": 0.0001,
    "_base/momentum": 0.9,
    "_timers/data_time": 0.9979524314403533,
    "_timers/model_time": 0.37216880917549133,
    "_timers/batch_time": 1.370152235031128,
    "_timers/_fps": 166.58167805370033
  },
  "train.2": {
    "loss": 20.934712409973145,
    "_base/lr": 0.0001,
    "_base/momentum": 0.9,
    "_timers/data_time": 0.8036461472511292,
    "_timers/model_time": 0.351671040058136,
    "_timers/batch_time": 1.1553489565849304,
    "_timers/_fps": 194.46567324264748
  },
  "train.1": {
    "loss": 21.483343839645386,
    "_base/lr": 0.0001,
    "_base/momentum": 0.9,
    "_timers/data_time": 0.9746607244014742,
    "_timers/model_time": 0.38716310262680054,
    "_timers/batch_time": 1.3618561923503876,
    "_timers/_fps": 160.0087375033522
  },
  "epoch_0": [
    "logs/ocr/checkpoints/train.1.pth",
    21.483343839645386,
    {
      "loss": 21.483343839645386,
      "_base/lr": 0.0001,
      "_base/momentum": 0.9,
      "_timers/data_time": 0.9746607244014742,
      "_timers/model_time": 0.38716310262680054,
      "_timers/batch_time": 1.3618561923503876,
      "_timers/_fps": 160.0087375033522
    }
  ],
  "epoch_1": [
    "logs/ocr/checkpoints/train.2.pth",
    20.934712409973145,
    {
      "loss": 20.934712409973145,
      "_base/lr": 0.0001,
      "_base/momentum": 0.9,
      "_timers/data_time": 0.8036461472511292,
      "_timers/model_time": 0.351671040058136,
      "_timers/batch_time": 1.1553489565849304,
      "_timers/_fps": 194.46567324264748
    }
  ],
  "epoch_2": [
    "logs/ocr/checkpoints/train.3.pth",
    20.578468322753903,
    {
      "loss": 20.578468322753903,
      "_base/lr": 0.0001,
      "_base/momentum": 0.9,
      "_timers/data_time": 0.9979524314403533,
      "_timers/model_time": 0.37216880917549133,
      "_timers/batch_time": 1.370152235031128,
      "_timers/_fps": 166.58167805370033
    }
  ],
  "epoch_3": [
    "logs/ocr/checkpoints/train.4.pth",
    20.507120847702026,
    {
      "loss": 20.507120847702026,
      "_base/lr": 0.0001,
      "_base/momentum": 0.9,
      "_timers/data_time": 0.7601523399353027,
      "_timers/model_time": 0.3378233313560486,
      "_timers/batch_time": 1.0980025529861448,
      "_timers/_fps": 203.0695134009943
    }
  ],
  "epoch_4": [
    "logs/ocr/checkpoints/train.5.pth",
    20.526673078536987,
    {
      "loss": 20.526673078536987,
      "_base/lr": 0.0001,
      "_base/momentum": 0.9,
      "_timers/data_time": 0.7323011457920074,
      "_timers/model_time": 0.3333307206630707,
      "_timers/batch_time": 1.065659910440445,
      "_timers/_fps": 209.82476258856542
    }
  ]
}