{
  "best": {
    "loss": 4.85856407880783,
    "accuracy01": 0.003906250000000001,
    "levenshtein01": 9.708333333333334,
    "_base/lr": 0.0001,
    "_base/momentum": 0.9,
    "_timers/data_time": 0.30160829424858093,
    "_timers/model_time": 0.4024860560894012,
    "_timers/batch_time": 0.7041379312674205,
    "_timers/_fps": 187.81342884166693
  },
  "last": {
    "loss": 4.85856407880783,
    "accuracy01": 0.003906250000000001,
    "levenshtein01": 9.708333333333334,
    "_base/lr": 0.0001,
    "_base/momentum": 0.9,
    "_timers/data_time": 0.30160829424858093,
    "_timers/model_time": 0.4024860560894012,
    "_timers/batch_time": 0.7041379312674205,
    "_timers/_fps": 187.81342884166693
  },
  "train.11": {
    "loss": 4.85856407880783,
    "accuracy01": 0.003906250000000001,
    "levenshtein01": 9.708333333333334,
    "_base/lr": 0.0001,
    "_base/momentum": 0.9,
    "_timers/data_time": 0.30160829424858093,
    "_timers/model_time": 0.4024860560894012,
    "_timers/batch_time": 0.7041379312674205,
    "_timers/_fps": 187.81342884166693
  },
  "train.10": {
    "loss": 4.870228906472525,
    "accuracy01": 0.003906250000000001,
    "levenshtein01": 9.291666666666668,
    "_base/lr": 0.0001,
    "_base/momentum": 0.9,
    "_timers/data_time": 0.2932845850785573,
    "_timers/model_time": 0.4057059586048127,
    "_timers/batch_time": 0.6990343431631723,
    "_timers/_fps": 192.67230648430967
  },
  "train.9": {
    "loss": 4.878743012746175,
    "accuracy01": 0.0039062499999999996,
    "levenshtein01": 9.583333333333334,
    "_base/lr": 0.0001,
    "_base/momentum": 0.9,
    "_timers/data_time": 0.2945845425128937,
    "_timers/model_time": 0.40261754393577576,
    "_timers/batch_time": 0.6972447435061135,
    "_timers/_fps": 191.55321412871174
  },
  "train.8": {
    "loss": 4.890025953451792,
    "accuracy01": 0.003906250000000001,
    "levenshtein01": 9.250000000000002,
    "_base/lr": 0.0001,
    "_base/momentum": 0.9,
    "_timers/data_time": 0.29581453402837116,
    "_timers/model_time": 0.4105340242385865,
    "_timers/batch_time": 0.7063900331656139,
    "_timers/_fps": 191.80153381855865
  },
  "train.7": {
    "loss": 4.900479396184286,
    "accuracy01": 0.003906250000000001,
    "levenshtein01": 9.625,
    "_base/lr": 0.0001,
    "_base/momentum": 0.9,
    "_timers/data_time": 0.304075558980306,
    "_timers/model_time": 0.40418991446495056,
    "_timers/batch_time": 0.7083070377508798,
    "_timers/_fps": 185.52433134663863
  },
  "train.6": {
    "loss": 4.915806849797566,
    "accuracy01": 0.003906250000000001,
    "levenshtein01": 9.500000000000002,
    "_base/lr": 0.0001,
    "_base/momentum": 0.9,
    "_timers/data_time": 0.3205529650052388,
    "_timers/model_time": 0.4447685182094574,
    "_timers/batch_time": 0.765367974837621,
    "_timers/_fps": 173.21519320198368
  },
  "train.5": {
    "loss": 4.921457489331564,
    "accuracy01": 0.003580729166666666,
    "levenshtein01": 9.583333333333334,
    "_base/lr": 0.0001,
    "_base/momentum": 0.9,
    "_timers/data_time": 0.33589579661687213,
    "_timers/model_time": 0.4430187046527862,
    "_timers/batch_time": 0.7789631585280101,
    "_timers/_fps": 171.5899479296017
  },
  "train.4": {
    "loss": 5.002206722895304,
    "accuracy01": 0.003906250000000001,
    "levenshtein01": 9.583333333333334,
    "_base/lr": 0.0001,
    "_base/momentum": 0.9,
    "_timers/data_time": 0.30906144777933753,
    "_timers/model_time": 0.4040127098560333,
    "_timers/batch_time": 0.7131142119566598,
    "_timers/_fps": 184.32770256156593
  },
  "train.3": {
    "loss": 5.263354579607646,
    "accuracy01": 0.003906250000000001,
    "levenshtein01": 9.500000000000002,
    "_base/lr": 0.0001,
    "_base/momentum": 0.9,
    "_timers/data_time": 0.3009212613105775,
    "_timers/model_time": 0.40003568927447003,
    "_timers/batch_time": 0.7009974122047424,
    "_timers/_fps": 190.6043255164734
  },
  "train.2": {
    "loss": 5.503169894218446,
    "accuracy01": 0.0035807291666666665,
    "levenshtein01": 9.583333333333334,
    "_base/lr": 0.0001,
    "_base/momentum": 0.9,
    "_timers/data_time": 0.30067520340283715,
    "_timers/model_time": 0.3922026455402374,
    "_timers/batch_time": 0.6929238835970563,
    "_timers/_fps": 191.88362587294753
  },
  "epoch_0": [
    "logs/ocr/checkpoints/train.1.pth",
    5.927692413330077,
    {
      "loss": 5.927692413330077,
      "accuracy01": 0.0016276041666666665,
      "levenshtein01": 9.375,
      "_base/lr": 0.0001,
      "_base/momentum": 0.9,
      "_timers/data_time": 0.4234669903914134,
      "_timers/model_time": 0.37070665756861365,
      "_timers/batch_time": 0.7942309876283008,
      "_timers/_fps": 170.3232349111316
    }
  ],
  "epoch_1": [
    "logs/ocr/checkpoints/train.2.pth",
    5.503169894218446,
    {
      "loss": 5.503169894218446,
      "accuracy01": 0.0035807291666666665,
      "levenshtein01": 9.583333333333334,
      "_base/lr": 0.0001,
      "_base/momentum": 0.9,
      "_timers/data_time": 0.30067520340283715,
      "_timers/model_time": 0.3922026455402374,
      "_timers/batch_time": 0.6929238835970563,
      "_timers/_fps": 191.88362587294753
    }
  ],
  "epoch_2": [
    "logs/ocr/checkpoints/train.3.pth",
    5.263354579607646,
    {
      "loss": 5.263354579607646,
      "accuracy01": 0.003906250000000001,
      "levenshtein01": 9.500000000000002,
      "_base/lr": 0.0001,
      "_base/momentum": 0.9,
      "_timers/data_time": 0.3009212613105775,
      "_timers/model_time": 0.40003568927447003,
      "_timers/batch_time": 0.7009974122047424,
      "_timers/_fps": 190.6043255164734
    }
  ],
  "epoch_3": [
    "logs/ocr/checkpoints/train.4.pth",
    5.002206722895304,
    {
      "loss": 5.002206722895304,
      "accuracy01": 0.003906250000000001,
      "levenshtein01": 9.583333333333334,
      "_base/lr": 0.0001,
      "_base/momentum": 0.9,
      "_timers/data_time": 0.30906144777933753,
      "_timers/model_time": 0.4040127098560333,
      "_timers/batch_time": 0.7131142119566598,
      "_timers/_fps": 184.32770256156593
    }
  ],
  "epoch_4": [
    "logs/ocr/checkpoints/train.5.pth",
    4.921457489331564,
    {
      "loss": 4.921457489331564,
      "accuracy01": 0.003580729166666666,
      "levenshtein01": 9.583333333333334,
      "_base/lr": 0.0001,
      "_base/momentum": 0.9,
      "_timers/data_time": 0.33589579661687213,
      "_timers/model_time": 0.4430187046527862,
      "_timers/batch_time": 0.7789631585280101,
      "_timers/_fps": 171.5899479296017
    }
  ],
  "epoch_5": [
    "logs/ocr/checkpoints/train.6.pth",
    4.915806849797566,
    {
      "loss": 4.915806849797566,
      "accuracy01": 0.003906250000000001,
      "levenshtein01": 9.500000000000002,
      "_base/lr": 0.0001,
      "_base/momentum": 0.9,
      "_timers/data_time": 0.3205529650052388,
      "_timers/model_time": 0.4447685182094574,
      "_timers/batch_time": 0.765367974837621,
      "_timers/_fps": 173.21519320198368
    }
  ],
  "epoch_6": [
    "logs/ocr/checkpoints/train.7.pth",
    4.900479396184286,
    {
      "loss": 4.900479396184286,
      "accuracy01": 0.003906250000000001,
      "levenshtein01": 9.625,
      "_base/lr": 0.0001,
      "_base/momentum": 0.9,
      "_timers/data_time": 0.304075558980306,
      "_timers/model_time": 0.40418991446495056,
      "_timers/batch_time": 0.7083070377508798,
      "_timers/_fps": 185.52433134663863
    }
  ],
  "epoch_7": [
    "logs/ocr/checkpoints/train.8.pth",
    4.890025953451792,
    {
      "loss": 4.890025953451792,
      "accuracy01": 0.003906250000000001,
      "levenshtein01": 9.250000000000002,
      "_base/lr": 0.0001,
      "_base/momentum": 0.9,
      "_timers/data_time": 0.29581453402837116,
      "_timers/model_time": 0.4105340242385865,
      "_timers/batch_time": 0.7063900331656139,
      "_timers/_fps": 191.80153381855865
    }
  ],
  "epoch_8": [
    "logs/ocr/checkpoints/train.9.pth",
    4.878743012746175,
    {
      "loss": 4.878743012746175,